acollign = Alexandre COLLIGNON <alexandre@collign.net>
adslakeside = Anders Sørensen <ads@lakeside.dk>
afloom = Anders Hammar <anders@hammar.net>
agwilliams1000 = Ashley Williams <ashpublic@mac.com>
aheritier = Arnaud Héritier <aheritier@apache.org>
akarasulu = Alex Karasulu <akarasulu@apache.org>
aramirez = Allan Ramirez <aq.ramirez@gmail.com>
arsenalist = arsenalist
averet = Antoine Véret <antoine.veret@gmail.com>
baptiste = Baptiste Mathus <batmat@batmat.net>
benjones.selera = benjones.selera
bentmann = Benjamin Bentmann <benjamin.bentmann@udo.edu>
bimargulies = Benson Margulies <bimargulies@gmail.com>
bob = bob mcwhirter <bob@werken.com>
boba = boba
bokken = Brett Okken <brett.okken.os@gmail.com>
brett = Brett Porter <brett@apache.org>
brianfox = Brian Fox <brianf@infinity.nu>
brozow = Matt Brozowski <brozow@opennms.org>
cameronbraid = Cameron Braid <cameron@braid.com.au>
carlos = Carlos Sanchez <codehaus@carlossanchez.eu>
cberry = Chris Berry <chriswberry@gmail.com>
charlie.collins = Charlie Collins <charlie.collins@gmail.com>
chirino = Hiram Chirino <hiram@hiramchirino.com>
chris = Christoph Sturm <christoph.sturm@gmail.com>
christiangasser = Christian Gasser <chg@lakeside.dk>
dandiep = Dan Diephouse <dan@envoisolutions.com>
dantran = Dan Tran <dantran@gmail.com>
darasan = arasan_durai <arasan_durai@yahoo.com>
david = David J. M. Karlsen <david@davidkarlsen.com>
dennisl = Dennis Lundberg <dennisl@apache.org>
dhawkins = David Hawkins <null@null.com>
dholroyd = David Holroyd <dave@badgers-in-foil.co.uk>
dirk.laessig = dirk.laessig
djencks = David Jencks <david_jencks@yahoo.com>
dsimonek = David Simonek <david.simonek@sun.com>
dvicente72 = David Vicente <dvicente72@gmail.com>
eburghar = eburghar
ehsavoie = Emmanuel Hugonnet <emmanuel.hugonnet@gmail.com>
eirbjo = Eirik Bjørsnøs <eirbjo@gmail.com>
epunzalan = epunzalan
eredmond = Eric Redmond <eredmond@codehaus.org>
ervalerio = Valerio Schiavoni <valerio.schiavoni@gmail.com>
evenisse = Emmanuel Venisse <emmanuel.venisse@gmail.com>
fabemn = Fabrice Bellingard <bellingard@apache.org>
fgiust = Fabrizio Giustina <fgiust@gmail.com>
fredcooke = Fred Cooke <fred.cooke@gmail.com>
gjoseph = Grégory Joseph <joseph.gregory@gmail.com>
gleclaire = Garvin LeClaire <garvin.leclaire@gmail.com>
godin = Evgeny Mandrikov <godin@apache.org>
gruenebe = Bernhard Grünewaldt <bernhard@gruenewaldt.net>
handyande = Andrew Williams <andy@handyande.co.uk>
hboutemy = Hervé Boutemy <hboutemy@apache.org>
henryju = Julien Henry <henryju@yahoo.fr>
hermod = Hermod Opstvedt <hermod.opstvedt@dnbnor.no>
huntc = Christopher Hunt <huntc@internode.on.net>
james.w.dumay = James William Dumay <james@atlassian.com>
jboynes = Jeremy Boynes <jeremy@boynes.com>
jdcasey = John Casey <jdcasey@commonjava.org>
jdlandsh = jdlandsh
jeanlaurent = Jean-Laurent de Morlhon <jeanlaurent@codehaus.org>
jesse = Jesse McConnell <jesse.mcconnell@gmail.com>
jgenender = jgenender <jgenender@codehaus.org>
jglick = Jesse Glick <jglick@cloudbees.com>
jieryn = jieryn <jieryn@gmail.com>
jimisola = Jimisola Laursen <jimisola@jimisola.com>
jmz = Javier Murciego <javier.murciego@gmail.com>
joakime = Joakim Erdfelt <joakim@erdfelt.net>
jochen = Jochen Wiedmann <jochen.wiedmann@gmail.com>
joerg.hohwiller = Jörg Hohwiller <joerg.hohwiller@capgemini-sdm.com>
jonnio = Jon Osborn <josborn@belltracy.com>
jponge = Julien Ponge <julien@ponge.org>
jreyes = Johann Reyes <jreyes@vaporwarecorp.com>
jruiz = Johnny R. Ruiz III <jontri@gmail.com>
jstrachan = james strachan <jstrachan@apache.org>
jtolentino = John Tolentino <john.tolentino@gmail.com>
jubu = Juraj Burian <jubu@volny.cz>
jvanzyl = Jason van Zyl <jvanzyl@apache.org>
kaare = kaare <kaare@codehaus.org>
kbravo = kbravo
kenney = Kenney Westerhof <kenney@apache.org>
khmarbaise = Karl Heinz Marbaise <khmarbaise@apache.org>
kismet = Stefano Lenzi <kismet.sl@gmail.com>
kohsuke = Kohsuke Kawaguchi <kk@kohsuke.org>
kristian = Kristian Nordal <kristian.nordal@gmail.com>
krosenvold = Kristian Rosenvold <krosenvold@apache.org>
lacostej = Jerome Lacoste <jerome.lacoste@gmail.com>
lars3loff = Lars Trieloff <lars@trieloff.net>
lennartj = Lennart Jörelid <lj@jguru.se>
maguro = Alan Cabrera <adc@toolazydogs.com>
marceloverdijk = Marcel Overdijk <marceloverdijk@gmail.com>
mark = mark
mauro = Mauro Talevi <mauro.talevi@aquilonia.org>
mfriedenhagen = Mirko Friedenhagen <mfriedenhagen@apache.org>
michal = michal
mkleint = Milos Kleint <mkleint@gmail.com>
mperham = Mike Perham <mperham@gmail.com>
mward = Michael Ward <m2ward@gmail.com>
ndeloof = Nicolas De loof <nicolas.deloof@gmail.com>
oching = Maria Odea Ching <oching@apache.org>
olamy = Olivier Lamy <olamy@apache.org>
pgier = Paul Gier <pgier@redhat.com>
pikus = Tomasz Pik <pikus@ais.pl>
pkernevez = Philippe Kernevez <philippe@kernevez.net>
ptab = Piotr Tabor <ptab@newitech.com>
rafale = rafale
rahul = Rahul Thakur <rahul.thakur.xdev@gmail.com>
Rahul = Rahul
rfscholte = Robert Scholte <rfscholte@apache.org>
rickard.v.essen = Rickard von Essen <rickard.von.essen@gmail.com>
romale = Alexandre ROMAN <alexandre.roman@gmail.com>
root = root
russgold = Russell Gold <russ@gold-family.us>
sanlavre = Rémy Sanlaville <remy.sanlaville@gmail.com>
sbv = Simon Vogensen <sbv@lakeside.dk>
schristou88 = Steven Christou <schristou88@gmail.com>
scryan = scryan
seidinger = Frank Seidinger <fs@frank-seidinger.de>
sgoeschl = Siegfried Goeschl <sgoeschl@gmx.at>
sheadrick = Sam Headrick <headrick@us.ibm.com>
sherriff = Erik Drolshammer <erik-dev@fjas.no>
shinobu = Shinobu Kawai <shinobu@codehaus.org>
shinsuke = Shinsuke Sugaya <shinsuke@yahoo.co.jp>
simon.brandhof = Simon Brandhof <simon.brandhof@sonarsource.com>
slonopotamus = Marat Radchenko <slonopotamusorama@gmail.com>
snicoll = Stephane Nicoll <snicoll@kiala.com>
soelvpil = Kent Sølvsten <kent.soelvsten@gmail.com>
stefanbirkner = Stefan Birkner <mail@stefan-birkner.de>
stephenconnolly = Stephen Connolly <stephen.alan.connolly@gmail.com>
stimpy = Lee Thompson <stimpy@codehaus.org>
struberg = Mark Struberg <struberg@yahoo.de>
tastle = Tim Astle <timothy.astle@gmail.com>
t.broyer = Thomas Broyer <t.broyer@ltgt.net>
tchemit = Tony Chemit <tchemit@apache.org>
tcurdt = Torsten Curdt <tcurdt@apache.org>
thragor = Mark Michaelis <michaelis.mark@googlemail.com>
tobrien = Tim O'Brien <tobrien@discursive.com>
tom = tom
topping = Brian Topping <topping@codehaus.org>
trygvis = Trygve Laugstøl <trygvis@inamo.no>
user57 = Jason Dillon <jason@planet57.com>
vmassol = Vincent Massol <vmassol@apache.org>
vsiveton = Vincent Siveton <vsiveton@apache.org>
wfay = Wayne Fay <waynefay@gmail.com>
wguttmn = Werner Guttmann <werner.guttmann@gmx.net>
zznate = Nate McCall <nate@datastax.com>
